timestamp,accel_x,accel_y,accel_z,gyro_x,gyro_y,gyro_z,pitch,roll,yaw
2025-04-21T23:00:23.744268,-1.087,-1.03,0.204,-74.554,-247.773,-168.88,-42.53,98.61,153.4
2025-04-21T23:00:23.744468,0.736,1.056,0.051,-181.151,144.34,94.634,-29.04,-83.49,159.28
2025-04-21T23:00:23.744521,-1.905,-1.193,0.059,-164.333,58.509,79.892,-77.11,112.49,138.46
2025-04-21T23:00:23.744560,0.713,0.335,-1.562,153.243,-74.491,-194.571,-4.07,89.65,197.18
2025-04-21T23:00:23.744589,-0.261,-1.409,-0.061,-47.103,-237.443,-242.476,70.27,-125.06,315.49
2025-04-21T23:00:23.744618,0.7,1.555,0.963,10.415,-183.237,220.943,21.78,-44.63,275.38
2025-04-21T23:00:23.744646,-0.993,0.419,-0.333,-12.767,184.519,-58.344,39.83,148.11,53.42
2025-04-21T23:00:23.744679,-1.988,1.04,-1.563,-215.665,247.639,14.052,52.16,-163.94,322.04
2025-04-21T23:00:23.744710,-1.104,-1.082,0.84,225.747,4.631,210.66,-48.04,-83.95,46.58
2025-04-21T23:00:23.744737,-0.063,-1.939,1.965,113.118,196.689,-184.633,-60.82,-137.9,147.78
2025-04-21T23:00:23.744773,1.661,-1.778,1.573,16.198,176.037,58.224,-56.81,89.56,54.57
2025-04-21T23:00:23.744799,-0.836,1.711,-1.294,116.984,-241.438,172.753,79.05,143.61,110.0
2025-04-21T23:00:23.744826,0.8,0.878,-0.386,238.479,-17.466,56.954,-87.77,-113.55,90.36
2025-04-21T23:00:23.744852,-0.72,-0.269,-0.923,-192.259,-77.385,-18.873,-8.5,27.79,260.95
2025-04-21T23:00:23.744878,0.721,1.875,-1.151,-3.373,99.054,244.041,-87.61,-176.94,6.3
2025-04-21T23:00:23.744904,-0.835,1.73,0.742,-137.135,238.654,-235.645,20.97,102.84,175.58
2025-04-21T23:00:23.744929,0.934,-0.201,-1.073,-194.89,80.9,15.327,83.48,110.83,205.7
2025-04-21T23:00:23.744955,0.075,0.288,-1.001,-65.757,66.583,-134.968,59.26,-124.06,290.99
2025-04-21T23:00:23.744981,0.317,1.668,-0.468,91.423,-193.564,-130.0,-27.91,-11.51,250.99
2025-04-21T23:00:23.745006,0.241,-1.735,-1.547,65.361,-169.429,114.757,29.34,-168.16,287.05
2025-04-21T23:00:23.745044,0.017,0.634,-1.817,-60.279,191.432,-1.409,28.03,-157.69,121.29
2025-04-21T23:00:23.745092,-1.207,1.4,-1.159,-192.144,107.23,184.442,20.58,-109.64,168.58
2025-04-21T23:00:23.745118,1.524,0.189,1.955,-75.406,216.004,-159.449,-26.96,138.15,181.15
2025-04-21T23:00:23.745144,0.913,0.425,-1.042,-48.629,-41.753,37.854,-58.52,26.57,206.72
2025-04-21T23:00:23.745169,1.699,0.106,1.807,-207.379,-130.621,-207.007,-26.64,48.08,301.36
2025-04-21T23:00:23.745209,0.099,-1.565,-0.625,23.542,93.539,129.406,58.51,80.31,300.55
2025-04-21T23:00:23.745235,0.437,1.11,0.205,-118.954,179.444,220.926,65.88,128.43,261.95
2025-04-21T23:00:23.745261,-1.38,1.724,-1.076,-60.166,-143.055,-38.225,-24.18,-158.19,98.5
2025-04-21T23:00:23.745288,1.332,-0.507,-0.074,218.308,182.937,-157.247,-46.96,4.44,4.2
2025-04-21T23:00:23.745314,-0.818,0.217,-1.148,-215.813,53.858,-56.409,-58.39,-87.33,213.65
2025-04-21T23:00:23.745342,-0.518,-1.083,-0.62,91.78,-206.428,49.366,-34.73,-161.45,359.98
2025-04-21T23:00:23.745367,0.763,0.027,-1.437,247.439,-54.17,116.974,-59.7,56.07,351.73
2025-04-21T23:00:23.745393,1.613,0.189,-0.851,-120.587,214.065,23.234,89.59,171.06,198.82
2025-04-21T23:00:23.745419,0.774,0.034,-1.012,122.102,-210.75,-244.674,-47.28,111.54,40.32
2025-04-21T23:00:23.745452,-1.104,-0.733,0.881,58.501,112.114,167.327,-42.29,43.75,102.59
2025-04-21T23:00:23.745483,-0.672,-0.428,1.05,187.439,126.45,-154.374,0.1,105.62,8.77
2025-04-21T23:00:23.745508,1.249,-0.53,-0.772,127.729,-176.935,-24.265,66.41,-37.96,261.79
2025-04-21T23:00:23.745534,1.459,0.694,1.703,73.202,134.738,8.38,26.84,35.62,17.88
2025-04-21T23:00:23.745558,0.712,-0.868,1.534,123.269,-112.927,-56.935,-42.15,16.25,5.44
2025-04-21T23:00:23.745586,1.008,1.466,1.062,-72.835,220.64,-169.608,49.45,-30.75,254.29
2025-04-21T23:00:23.745612,-1.746,-1.699,0.34,-19.645,85.969,-5.218,-43.0,89.59,273.98
2025-04-21T23:00:23.745637,0.617,-0.845,-0.39,146.091,-43.032,215.555,-47.82,115.65,113.56
2025-04-21T23:00:23.745663,1.71,-1.453,-1.104,-209.411,-236.682,-42.948,70.45,-52.92,274.72
2025-04-21T23:00:23.745688,-1.079,-0.8,-0.218,-33.849,-247.141,77.836,76.0,-88.16,223.53
2025-04-21T23:00:23.745712,-0.344,-1.392,1.414,182.014,29.345,39.79,57.07,-158.32,313.72
2025-04-21T23:00:23.745737,0.908,1.684,-1.013,-82.786,153.957,64.075,-1.57,-175.58,190.71
2025-04-21T23:00:23.745762,-0.031,-0.233,-1.772,109.077,148.766,98.961,-57.36,55.21,264.61
2025-04-21T23:00:23.745787,0.514,1.236,-0.126,-24.394,73.03,-152.347,42.08,-88.28,258.88
2025-04-21T23:00:23.745813,1.073,1.881,-0.472,198.633,13.179,-170.633,0.25,146.57,242.19
2025-04-21T23:00:23.745839,-1.788,-1.437,-1.76,227.962,-234.285,-10.641,-67.09,-128.99,254.26
2025-04-21T23:00:23.745865,-0.637,-0.531,1.564,229.101,70.872,-171.86,88.98,-125.93,5.89
2025-04-21T23:00:23.745890,1.138,-0.442,-0.825,53.212,-11.077,-229.269,-20.76,-96.34,186.11
2025-04-21T23:00:23.745915,-0.814,-1.586,1.886,44.389,-32.632,227.684,47.95,-80.76,60.3
2025-04-21T23:00:23.745940,-1.568,-1.583,-0.406,-39.413,14.453,-206.091,80.23,-28.33,133.92
2025-04-21T23:00:23.745965,-1.795,-0.453,1.216,127.084,177.926,-128.72,-26.19,5.38,188.97
2025-04-21T23:00:23.745997,-1.174,0.918,1.884,245.303,-14.988,-9.217,-8.4,149.42,332.9
2025-04-21T23:00:23.746022,-1.325,-1.68,1.841,21.106,77.46,221.626,44.72,27.2,33.35
2025-04-21T23:00:23.746047,-1.029,-1.99,0.981,156.886,-159.893,-93.219,22.73,-45.44,147.23
2025-04-21T23:00:23.746078,0.912,0.683,-1.094,-8.204,-132.285,-124.44,-56.24,-95.24,175.92
2025-04-21T23:00:23.746103,-0.48,1.798,1.972,-11.395,-46.148,-211.03,-63.5,-60.92,259.84
2025-04-21T23:00:23.746132,1.556,-0.447,-0.412,-19.274,12.206,-224.374,-60.28,-82.34,174.2
2025-04-21T23:00:23.746157,-1.515,-1.484,-0.302,-75.487,181.621,-177.515,-16.93,75.61,250.31
2025-04-21T23:00:23.746201,0.434,-0.46,0.416,-24.657,90.031,205.532,74.99,-7.84,21.2
2025-04-21T23:00:23.746227,-0.795,-0.321,1.937,42.8,109.121,-196.458,-69.94,-120.64,223.34
2025-04-21T23:00:23.746253,-0.986,-0.573,-1.674,-41.249,186.18,-219.172,2.19,-127.21,91.18
2025-04-21T23:00:23.746286,-1.966,-0.253,-0.291,-50.904,-98.815,197.434,70.25,-12.34,2.11
2025-04-21T23:00:23.746427,1.77,0.909,1.338,-230.115,-129.687,-164.935,52.17,176.64,225.66
2025-04-21T23:00:23.746464,-1.652,-0.763,-1.125,-227.366,-94.795,-21.681,-63.26,1.12,255.86
2025-04-21T23:00:23.746492,-1.884,0.242,0.328,-94.829,-155.137,155.232,-74.08,-30.98,319.27
2025-04-21T23:00:23.746519,-1.425,-0.036,-0.966,-144.113,71.991,-8.079,-79.08,-119.05,326.37
2025-04-21T23:00:23.746547,1.12,0.861,-1.254,-217.554,-100.747,190.019,78.03,131.14,220.28
2025-04-21T23:00:23.746575,0.086,-1.376,1.867,204.753,187.386,-224.227,19.98,54.32,217.8
2025-04-21T23:00:23.746602,-1.205,-0.508,1.159,92.234,93.886,-114.975,-77.95,-44.84,142.7
2025-04-21T23:00:23.746628,-0.534,0.736,0.663,84.179,48.206,-166.824,31.12,102.49,48.91
2025-04-21T23:00:23.746653,1.617,0.872,-0.032,65.4,50.948,208.32,58.72,13.82,77.15
2025-04-21T23:00:23.746680,-1.898,-0.077,0.316,-6.772,122.53,-31.067,-69.73,103.33,170.67
2025-04-21T23:00:23.746707,-0.004,1.51,-0.478,-10.471,-129.939,-170.199,5.91,172.03,340.6
2025-04-21T23:00:23.746733,0.633,0.254,0.142,-118.191,-45.8,78.533,-11.33,-63.28,342.82
2025-04-21T23:00:23.746758,1.091,0.472,0.871,211.301,16.882,-115.319,-59.5,-13.65,122.58
2025-04-21T23:00:23.746786,1.578,-1.219,-0.684,-130.165,-73.231,72.662,72.19,21.42,197.63
2025-04-21T23:00:23.746834,-1.994,-0.938,0.03,-28.664,-158.646,222.379,-53.05,-102.02,352.34
2025-04-21T23:00:23.746867,0.364,-1.91,-0.939,84.211,-105.59,-39.175,-76.22,-61.22,295.33
2025-04-21T23:00:23.746893,0.943,-1.831,0.962,213.743,147.816,-82.3,18.58,31.23,135.01
2025-04-21T23:00:23.746918,1.198,-1.55,0.997,-173.604,49.148,-18.487,57.06,-114.38,163.7
2025-04-21T23:00:23.746943,0.035,1.474,-0.805,128.379,74.352,220.566,16.4,-61.43,191.93
2025-04-21T23:00:23.746969,-0.059,-1.26,0.705,-24.931,-142.353,-81.675,12.59,94.79,200.73
2025-04-21T23:00:23.746995,0.008,0.702,1.839,-24.9,173.073,-231.805,70.31,-120.24,270.55
2025-04-21T23:00:23.747032,-1.176,0.343,-1.367,-84.92,4.45,175.114,39.53,-15.14,182.37
2025-04-21T23:00:23.747064,0.193,-0.577,0.86,-114.642,225.632,-211.959,-19.13,75.67,290.35
2025-04-21T23:00:23.747090,-0.218,-0.97,1.366,121.735,195.02,66.653,89.49,40.0,359.27
2025-04-21T23:00:23.747877,0.528,1.271,-1.889,73.674,79.564,40.073,-22.94,-42.04,119.19
2025-04-21T23:00:23.747933,-0.532,0.196,-0.627,205.166,-122.877,111.435,41.93,28.15,21.79
2025-04-21T23:00:23.747962,1.161,1.035,1.915,3.314,-203.791,-162.001,41.34,-111.4,15.85
2025-04-21T23:00:23.747989,0.896,1.153,-1.628,85.77,-18.706,120.567,39.11,-19.5,84.35
2025-04-21T23:00:23.748014,1.816,-0.319,-1.165,-206.717,92.446,-90.379,-24.91,-44.64,146.03
2025-04-21T23:00:23.748055,0.852,0.1,1.384,-138.619,-130.51,213.874,-16.05,137.6,331.46
2025-04-21T23:00:23.748095,0.997,1.126,1.873,178.507,-9.99,126.372,78.44,-165.88,135.97
2025-04-21T23:00:23.748121,-1.69,-0.932,-1.817,245.298,-154.423,59.901,75.15,-97.13,186.3
2025-04-21T23:00:23.748147,1.29,-1.229,1.214,143.472,-138.664,-24.315,-64.8,-18.34,140.88
2025-04-21T23:00:23.748173,0.426,1.496,0.635,-123.265,208.685,-184.472,-14.95,170.89,104.33
